label,species,anticodon,seq,length,stem_start_idx,stem_length,n_unpaired_bases,secondary_structure
Aeropyrum_pernix_K1_tRNA-Leu-CAA-1-1,Aeropyrum pernix K1,CAA,UGGCGUAGGCCGGC,14,1,3,2,-(((****)))**-
Aeropyrum_pernix_K1_tRNA-Leu-CAG-1-1,Aeropyrum pernix K1,CAG,UGGCGUAGGCCUGC,14,1,3,2,-(((****)))**-
Aeropyrum_pernix_K1_tRNA-Leu-GAG-1-1,Aeropyrum pernix K1,GAG,UGGCGUAGGCCUGC,14,1,3,2,-(((****)))**-
Aeropyrum_pernix_K1_tRNA-Leu-TAA-1-1,Aeropyrum pernix K1,UAA,UGGCGUAGGCCUGC,14,1,3,2,-(((****)))**-
Aeropyrum_pernix_K1_tRNA-Leu-TAG-1-1,Aeropyrum pernix K1,UAG,UGGCGUAGGCCUGC,14,1,3,2,-(((****)))**-
Archaeoglobus_fulgidus_DSM_4304_tRNA-Leu-CAA-1-1,Archaeoglobus fulgidus DSM 4304,CAA,UCCCGUAGGGGUUC,14,1,3,2,-(((****)))**-
Archaeoglobus_fulgidus_DSM_4304_tRNA-Leu-CAG-1-1,Archaeoglobus fulgidus DSM 4304,CAG,UCCCGUAGGGGUUC,14,1,3,2,-(((****)))**-
Archaeoglobus_fulgidus_DSM_4304_tRNA-Leu-GAG-1-1,Archaeoglobus fulgidus DSM 4304,GAG,UCCCGUAGGGGUUC,14,1,3,2,-(((****)))**-
Archaeoglobus_fulgidus_DSM_4304_tRNA-Leu-TAA-1-1,Archaeoglobus fulgidus DSM 4304,UAA,UCCCGAAGGGGUCC,14,1,3,2,-(((****)))**-
Archaeoglobus_fulgidus_DSM_4304_tRNA-Leu-TAG-1-1,Archaeoglobus fulgidus DSM 4304,UAG,UCCCGUAGGGGUUC,14,1,3,2,-(((****)))**-
Haloarcula_marismortui_ATCC_43049_tRNA-Leu-CAA-1-1,Haloarcula marismortui ATCC 43049,CAA,UCCCGUAGGGGUCC,14,1,3,2,-(((****)))**-
Haloarcula_marismortui_ATCC_43049_tRNA-Leu-CAG-1-1,Haloarcula marismortui ATCC 43049,CAG,UCCCGUAGGGGUCC,14,1,3,2,-(((****)))**-
Haloarcula_marismortui_ATCC_43049_tRNA-Leu-GAG-1-1,Haloarcula marismortui ATCC 43049,GAG,UCCCGUAGGGGUCC,14,1,3,2,-(((****)))**-
Haloarcula_marismortui_ATCC_43049_tRNA-Leu-TAA-1-1,Haloarcula marismortui ATCC 43049,UAA,UCCCGUAGGGGUCC,14,1,3,2,-(((****)))**-
Haloarcula_marismortui_ATCC_43049_tRNA-Leu-TAG-1-1,Haloarcula marismortui ATCC 43049,UAG,UCCCGUAGGGGUCC,14,1,3,2,-(((****)))**-
Halobacterium_sp_NRC-1_tRNA-Leu-CAA-1-1,Halobacterium sp NRC-1,CAA,UCUCGUAGGAGUUC,14,1,3,2,-(((****)))**-
Halobacterium_sp_NRC-1_tRNA-Leu-CAG-1-1,Halobacterium sp NRC-1,CAG,UCCCGUAGGGGUUC,14,1,3,2,-(((****)))**-
Halobacterium_sp_NRC-1_tRNA-Leu-GAG-1-1,Halobacterium sp NRC-1,GAG,UCCUGUAGAGGUUC,14,1,3,2,-(((****)))**-
Halobacterium_sp_NRC-1_tRNA-Leu-TAA-1-1,Halobacterium sp NRC-1,UAA,UCCCGUAGGGGUUC,14,1,3,2,-(((****)))**-
Halobacterium_sp_NRC-1_tRNA-Leu-TAG-1-1,Halobacterium sp NRC-1,UAG,UCCCGUAGGGGUCC,14,1,3,2,-(((****)))**-
Methanosarcina_acetivorans_C2A_tRNA-Leu-CAA-1-1,Methanosarcina acetivorans C2A,CAA,UCGUGCAGACGUUC,14,1,3,2,-(((****)))**-
Methanosarcina_acetivorans_C2A_tRNA-Leu-CAG-1-1,Methanosarcina acetivorans C2A,CAG,UCUUGUAGGAGUUC,14,1,3,2,-(((****)))**-
Methanosarcina_acetivorans_C2A_tRNA-Leu-GAG-1-1,Methanosarcina acetivorans C2A,GAG,UUUCGUAGGAAUUC,14,1,3,2,-(((****)))**-
Methanosarcina_acetivorans_C2A_tRNA-Leu-GAG-2-1,Methanosarcina acetivorans C2A,GAG,UUUCGUAGGAAUUC,14,1,3,2,-(((****)))**-
Methanosarcina_acetivorans_C2A_tRNA-Leu-TAA-1-1,Methanosarcina acetivorans C2A,UAA,UAUCGAAGGAUUUC,14,1,3,2,-(((****)))**-
Methanosarcina_acetivorans_C2A_tRNA-Leu-TAG-1-1,Methanosarcina acetivorans C2A,UAG,UUUCGUAGGAAUUC,14,1,3,2,-(((****)))**-
Methanococcus_aeolicus_Nankai-3_tRNA-Leu-GAG-1-1,Methanococcus aeolicus Nankai-3,GAG,UCUCAUAGGAGUUC,14,1,3,2,-(((****)))**-
Methanococcus_aeolicus_Nankai-3_tRNA-Leu-TAA-1-1,Methanococcus aeolicus Nankai-3,UAA,UCUCAUAGGAGUUC,14,1,3,2,-(((****)))**-
Methanococcus_aeolicus_Nankai-3_tRNA-Leu-TAG-1-1,Methanococcus aeolicus Nankai-3,UAG,UCCUAUAGUGGUUC,14,1,2,2,-((******))**-
Methanothermus_fervidus_DSM_2088_tRNA-Leu-GAG-1-1,Methanothermus fervidus DSM 2088,GAG,UGGGUUAGUCCCUUC,15,1,3,2,-(((*****)))**-
Methanothermus_fervidus_DSM_2088_tRNA-Leu-TAA-1-1,Methanothermus fervidus DSM 2088,UAA,UGGCGUUAGGCCUUC,15,1,3,2,-(((*****)))**-
Methanothermus_fervidus_DSM_2088_tRNA-Leu-TAG-1-1,Methanothermus fervidus DSM 2088,UAG,UGGCGUUAGGCCUUC,15,1,3,2,-(((*****)))**-
Methanospirillum_hungatei_JF-1_tRNA-Leu-CAA-1-1,Methanospirillum hungatei JF-1,CAA,UCUCGUAGGAGUUC,14,1,3,2,-(((****)))**-
Methanospirillum_hungatei_JF-1_tRNA-Leu-CAG-1-1,Methanospirillum hungatei JF-1,CAG,UCCCGUAGGGGUUC,14,1,3,2,-(((****)))**-
Methanospirillum_hungatei_JF-1_tRNA-Leu-GAG-1-1,Methanospirillum hungatei JF-1,GAG,UCGCGAAGGCGUUC,14,1,3,2,-(((****)))**-
Methanospirillum_hungatei_JF-1_tRNA-Leu-TAA-1-1,Methanospirillum hungatei JF-1,UAA,UUUCGAAGGAAUCC,14,1,3,2,-(((****)))**-
Methanospirillum_hungatei_JF-1_tRNA-Leu-TAG-1-1,Methanospirillum hungatei JF-1,UAG,UCCCGAAGGGGUCC,14,1,3,2,-(((****)))**-
Methanocaldococcus_jannaschii_DSM_2661_tRNA-Leu-GAG-1-1,Methanocaldococcus jannaschii DSM 2661,GAG,UCCCGUAGGGGUUC,14,1,3,2,-(((****)))**-
Methanocaldococcus_jannaschii_DSM_2661_tRNA-Leu-TAA-1-1,Methanocaldococcus jannaschii DSM 2661,UAA,UCCCGUAGGGGUUC,14,1,3,2,-(((****)))**-
Methanocaldococcus_jannaschii_DSM_2661_tRNA-Leu-TAG-1-1,Methanocaldococcus jannaschii DSM 2661,UAG,UCCCGUAGGGGUUC,14,1,3,2,-(((****)))**-
Methanopyrus_kandleri_AV19_tRNA-Leu-GAG-1-1,Methanopyrus kandleri AV19,GAG,UGGCCGUAGGGCCGUC,16,1,4,2,-((((****))))**-
Methanopyrus_kandleri_AV19_tRNA-Leu-TAA-1-1,Methanopyrus kandleri AV19,UAA,UGGCCGUAGGGCCGUC,16,1,4,2,-((((****))))**-
Methanopyrus_kandleri_AV19_tRNA-Leu-TAG-1-1,Methanopyrus kandleri AV19,UAG,UGGCCGUAGGGCCGUC,16,1,4,2,-((((****))))**-
Methanococcus_maripaludis_C5_tRNA-Leu-GAG-1-1,Methanococcus maripaludis C5,GAG,UCUCAUAGGAGUUC,14,1,3,2,-(((****)))**-
Methanococcus_maripaludis_C5_tRNA-Leu-TAA-1-1,Methanococcus maripaludis C5,UAA,UCCGGUAGCGGUUC,14,1,3,2,-(((****)))**-
Methanococcus_maripaludis_C5_tRNA-Leu-TAG-1-1,Methanococcus maripaludis C5,UAG,UCCAGUAGUGGUUC,14,1,3,2,-(((****)))**-
Methanosarcina_mazei_Go1_tRNA-Leu-CAA-1-1,Methanosarcina mazei Go1,CAA,UCGUGCAGACGUUC,14,1,3,2,-(((****)))**-
Methanosarcina_mazei_Go1_tRNA-Leu-CAG-1-1,Methanosarcina mazei Go1,CAG,UCUUGUAGGAGUUC,14,1,3,2,-(((****)))**-
Methanosarcina_mazei_Go1_tRNA-Leu-GAG-1-1,Methanosarcina mazei Go1,GAG,UCUUGUAGGAGUUC,14,1,3,2,-(((****)))**-
Methanosarcina_mazei_Go1_tRNA-Leu-GAG-2-1,Methanosarcina mazei Go1,GAG,UUUCGUAGGAAUUC,14,1,3,2,-(((****)))**-
Methanosarcina_mazei_Go1_tRNA-Leu-TAA-1-1,Methanosarcina mazei Go1,UAA,UAUCGAAGGAUUUC,14,1,3,2,-(((****)))**-
Methanosarcina_mazei_Go1_tRNA-Leu-TAG-1-1,Methanosarcina mazei Go1,UAG,UUUCGUAGGAAUUC,14,1,3,2,-(((****)))**-
Methanothermobacter_thermautotrophicus_str_Delta_H_tRNA-Leu-GAG-1-1,Methanothermobacter thermautotrophicus str Delta H,GAG,UGGGGGAGUCCCUUC,15,1,4,2,-((((***))))**-
Methanothermobacter_thermautotrophicus_str_Delta_H_tRNA-Leu-TAA-1-1,Methanothermobacter thermautotrophicus str Delta H,UAA,UGGCGCAGGCCUUC,14,1,3,2,-(((****)))**-
Methanothermobacter_thermautotrophicus_str_Delta_H_tRNA-Leu-TAG-1-1,Methanothermobacter thermautotrophicus str Delta H,UAG,UGGCGUAGGCCUAC,14,1,3,2,-(((****)))**-
Methanococcus_vannielii_SB_tRNA-Leu-GAG-1-1,Methanococcus vannielii SB,GAG,UCUCGUAGGAGUUC,14,1,3,2,-(((****)))**-
Methanococcus_vannielii_SB_tRNA-Leu-TAA-1-1,Methanococcus vannielii SB,UAA,UCCGGUAGCGGUUC,14,1,3,2,-(((****)))**-
Methanococcus_vannielii_SB_tRNA-Leu-TAG-1-1,Methanococcus vannielii SB,UAG,UCCAGUAGUGGUUC,14,1,3,2,-(((****)))**-
Nanoarchaeum_equitans_Kin4-M_tRNA-Leu-CAA-1-1,Nanoarchaeum equitans Kin4-M,CAA,UGGGUUAGUCCCGUC,15,1,3,2,-(((*****)))**-
Nanoarchaeum_equitans_Kin4-M_tRNA-Leu-GAG-1-1,Nanoarchaeum equitans Kin4-M,GAG,UGGGGUAGUCCCUGC,15,1,4,2,-((((***))))**-
Nanoarchaeum_equitans_Kin4-M_tRNA-Leu-TAA-1-1,Nanoarchaeum equitans Kin4-M,UAA,UGGGGUAGUCCCUGC,15,1,4,2,-((((***))))**-
Nanoarchaeum_equitans_Kin4-M_tRNA-Leu-TAG-1-1,Nanoarchaeum equitans Kin4-M,UAG,UGGGUUAGUCCCGUC,15,1,3,2,-(((*****)))**-
Pyrococcus_abyssi_GE5_tRNA-Leu-CAA-1-1,Pyrococcus abyssi GE5,CAA,UCCCGUAGGGGUUC,14,1,3,2,-(((****)))**-
Pyrococcus_abyssi_GE5_tRNA-Leu-CAG-1-1,Pyrococcus abyssi GE5,CAG,UCCCGUAGGGGUUC,14,1,3,2,-(((****)))**-
Pyrococcus_abyssi_GE5_tRNA-Leu-GAG-1-1,Pyrococcus abyssi GE5,GAG,UCCCGUAGGGGUUC,14,1,3,2,-(((****)))**-
Pyrococcus_abyssi_GE5_tRNA-Leu-TAA-1-1,Pyrococcus abyssi GE5,UAA,UGCCGUAGGCUGC,13,1,2,2,-((*****))**-
Pyrococcus_abyssi_GE5_tRNA-Leu-TAG-1-1,Pyrococcus abyssi GE5,UAG,UCCCGUAGGGGUUC,14,1,3,2,-(((****)))**-
Pyrobaculum_aerophilum_str_IM2_tRNA-Leu-CAA-1-1,Pyrobaculum aerophilum str IM2,CAA,UGGCGUAGGCCUGC,14,1,3,2,-(((****)))**-
Pyrobaculum_aerophilum_str_IM2_tRNA-Leu-CAG-1-1,Pyrobaculum aerophilum str IM2,CAG,UGGCGUAGGCCUGC,14,1,3,2,-(((****)))**-
Pyrobaculum_aerophilum_str_IM2_tRNA-Leu-GAG-1-1,Pyrobaculum aerophilum str IM2,GAG,UGGCGUAGGCCUGC,14,1,3,2,-(((****)))**-
Pyrobaculum_aerophilum_str_IM2_tRNA-Leu-TAA-1-1,Pyrobaculum aerophilum str IM2,UAA,UGGCGUAGGCCUGC,14,1,3,2,-(((****)))**-
Pyrobaculum_aerophilum_str_IM2_tRNA-Leu-TAG-1-1,Pyrobaculum aerophilum str IM2,UAG,UGGCGUAGGCCUGC,14,1,3,2,-(((****)))**-
Pyrococcus_furiosus_DSM_3638_tRNA-Leu-CAA-1-1,Pyrococcus furiosus DSM 3638,CAA,UCCCGUAGGGGUUC,14,1,3,2,-(((****)))**-
Pyrococcus_furiosus_DSM_3638_tRNA-Leu-CAG-1-1,Pyrococcus furiosus DSM 3638,CAG,UCCCGUAGGGGUUC,14,1,3,2,-(((****)))**-
Pyrococcus_furiosus_DSM_3638_tRNA-Leu-GAG-1-1,Pyrococcus furiosus DSM 3638,GAG,UCCCGUAGGGGUUC,14,1,3,2,-(((****)))**-
Pyrococcus_furiosus_DSM_3638_tRNA-Leu-TAA-1-1,Pyrococcus furiosus DSM 3638,UAA,UGCCGUAGGGCUGC,14,1,3,2,-(((****)))**-
Pyrococcus_furiosus_DSM_3638_tRNA-Leu-TAG-1-1,Pyrococcus furiosus DSM 3638,UAG,UCCCGUAGGGGUUC,14,1,3,2,-(((****)))**-
Pyrococcus_horikoshii_OT3_tRNA-Leu-CAA-1-1,Pyrococcus horikoshii OT3,CAA,UCCCGUAGGGGUUC,14,1,3,2,-(((****)))**-
Pyrococcus_horikoshii_OT3_tRNA-Leu-CAG-1-1,Pyrococcus horikoshii OT3,CAG,UCCCGUAGGGGUUC,14,1,3,2,-(((****)))**-
Pyrococcus_horikoshii_OT3_tRNA-Leu-GAG-1-1,Pyrococcus horikoshii OT3,GAG,UCCCGUAGGGGUUC,14,1,3,2,-(((****)))**-
Pyrococcus_horikoshii_OT3_tRNA-Leu-TAA-1-1,Pyrococcus horikoshii OT3,UAA,UGCCGUAGGGCUGC,14,1,3,2,-(((****)))**-
Pyrococcus_horikoshii_OT3_tRNA-Leu-TAG-1-1,Pyrococcus horikoshii OT3,UAG,UCCCGUAGGGGUUC,14,1,3,2,-(((****)))**-
Staphylothermus_marinus_F1_tRNA-Leu-CAA-1-1,Staphylothermus marinus F1,CAA,UGGCGUAGGCCUGC,14,1,3,2,-(((****)))**-
Staphylothermus_marinus_F1_tRNA-Leu-CAG-1-1,Staphylothermus marinus F1,CAG,UGGCGUAGGCCUGC,14,1,3,2,-(((****)))**-
Staphylothermus_marinus_F1_tRNA-Leu-GAG-1-1,Staphylothermus marinus F1,GAG,UGGCGUAGGCCUGC,14,1,3,2,-(((****)))**-
Staphylothermus_marinus_F1_tRNA-Leu-TAA-1-1,Staphylothermus marinus F1,UAA,UGGCGUAGGCCUGC,14,1,3,2,-(((****)))**-
Staphylothermus_marinus_F1_tRNA-Leu-TAG-1-1,Staphylothermus marinus F1,UAG,UGGCGUAGGCCUGC,14,1,3,2,-(((****)))**-
Sulfolobus_solfataricus_P2_tRNA-Leu-CAA-1-1,Sulfolobus solfataricus P2,CAA,UGGCGAAGGCCUUC,14,1,3,2,-(((****)))**-
Sulfolobus_solfataricus_P2_tRNA-Leu-CAG-1-1,Sulfolobus solfataricus P2,CAG,UGGUGAAGGCCUUC,14,1,3,2,-(((****)))**-
Sulfolobus_solfataricus_P2_tRNA-Leu-GAG-1-1,Sulfolobus solfataricus P2,GAG,UGGCGAAGGCCUGC,14,1,3,2,-(((****)))**-
Sulfolobus_solfataricus_P2_tRNA-Leu-TAA-1-1,Sulfolobus solfataricus P2,UAA,UGGCGAAGGCCUGC,14,1,3,2,-(((****)))**-
Sulfolobus_solfataricus_P2_tRNA-Leu-TAG-1-1,Sulfolobus solfataricus P2,UAG,UGGCGAAGGCCUGC,14,1,3,2,-(((****)))**-
Sulfolobus_acidocaldarius_DSM_639_tRNA-Leu-CAA-1-1,Sulfolobus acidocaldarius DSM 639,CAA,UGGCGAAGGCCUAC,14,1,3,2,-(((****)))**-
Sulfolobus_acidocaldarius_DSM_639_tRNA-Leu-CAG-1-1,Sulfolobus acidocaldarius DSM 639,CAG,UGGUGUAGGCCUGC,14,1,3,2,-(((****)))**-
Sulfolobus_acidocaldarius_DSM_639_tRNA-Leu-GAG-1-1,Sulfolobus acidocaldarius DSM 639,GAG,UGGUGUAGGCCUGC,14,1,3,2,-(((****)))**-
Sulfolobus_acidocaldarius_DSM_639_tRNA-Leu-TAA-1-1,Sulfolobus acidocaldarius DSM 639,UAA,UGGCGUAGGCCUGC,14,1,3,2,-(((****)))**-
Sulfolobus_acidocaldarius_DSM_639_tRNA-Leu-TAG-1-1,Sulfolobus acidocaldarius DSM 639,UAG,UGGUGUAGGCCUGC,14,1,3,2,-(((****)))**-
Sulfolobus_tokodaii_str_7_tRNA-Leu-CAA-1-1,Sulfolobus tokodaii str 7,CAA,UGGCGUAGGCCUGC,14,1,3,2,-(((****)))**-
Sulfolobus_tokodaii_str_7_tRNA-Leu-CAG-1-1,Sulfolobus tokodaii str 7,CAG,UGGCAUAGGCCUGC,14,1,3,2,-(((****)))**-
Sulfolobus_tokodaii_str_7_tRNA-Leu-GAG-1-1,Sulfolobus tokodaii str 7,GAG,UGGCGAAGGCCUGC,14,1,3,2,-(((****)))**-
Sulfolobus_tokodaii_str_7_tRNA-Leu-TAA-1-1,Sulfolobus tokodaii str 7,UAA,UGGCGAAGGCCUGC,14,1,3,2,-(((****)))**-
Sulfolobus_tokodaii_str_7_tRNA-Leu-TAG-1-1,Sulfolobus tokodaii str 7,UAG,UGGCAUAGGCCUGC,14,1,3,2,-(((****)))**-
Thermoplasma_acidophilum_DSM_1728_tRNA-Leu-CAA-1-1,Thermoplasma acidophilum DSM 1728,CAA,CUCCGUAGGGAUUC,14,1,3,2,-(((****)))**-
Thermoplasma_acidophilum_DSM_1728_tRNA-Leu-CAG-1-1,Thermoplasma acidophilum DSM 1728,CAG,UCCCGAAGGGGUUC,14,1,3,2,-(((****)))**-
Thermoplasma_acidophilum_DSM_1728_tRNA-Leu-GAG-1-1,Thermoplasma acidophilum DSM 1728,GAG,UUCCGUAGGGAUGC,14,1,3,2,-(((****)))**-
Thermoplasma_acidophilum_DSM_1728_tRNA-Leu-TAA-1-1,Thermoplasma acidophilum DSM 1728,UAA,UCCCGAAGGGGUUC,14,1,3,2,-(((****)))**-
Thermoplasma_acidophilum_DSM_1728_tRNA-Leu-TAG-1-1,Thermoplasma acidophilum DSM 1728,UAG,UCCCGAAGGGGUUC,14,1,3,2,-(((****)))**-
Thermoproteus_tenax_Kra_1_tRNA-Leu-CAA-1-1,Thermoproteus tenax Kra 1,CAA,UGGCGUAGGCCUGC,14,1,3,2,-(((****)))**-
Thermoproteus_tenax_Kra_1_tRNA-Leu-CAG-1-1,Thermoproteus tenax Kra 1,CAG,UGGCGUAGGCCUGC,14,1,3,2,-(((****)))**-
Thermoproteus_tenax_Kra_1_tRNA-Leu-GAG-1-1,Thermoproteus tenax Kra 1,GAG,UGGCGUAGGCCUGC,14,1,3,2,-(((****)))**-
Thermoproteus_tenax_Kra_1_tRNA-Leu-TAA-1-1,Thermoproteus tenax Kra 1,UAA,UGGCGUAGGCCUGC,14,1,3,2,-(((****)))**-
Thermoproteus_tenax_Kra_1_tRNA-Leu-TAG-1-1,Thermoproteus tenax Kra 1,UAG,UGGCGUAGGCCUGC,14,1,3,2,-(((****)))**-
Thermoplasma_volcanium_GSS1_tRNA-Leu-CAA-1-1,Thermoplasma volcanium GSS1,CAA,UUCCGUAGGGAUUC,14,1,3,2,-(((****)))**-
Thermoplasma_volcanium_GSS1_tRNA-Leu-CAG-1-1,Thermoplasma volcanium GSS1,CAG,UCCCGCAGGGUUC,13,1,2,2,-((*****))**-
Thermoplasma_volcanium_GSS1_tRNA-Leu-GAG-1-1,Thermoplasma volcanium GSS1,GAG,UUCCGUAGGGAUGC,14,1,3,2,-(((****)))**-
Thermoplasma_volcanium_GSS1_tRNA-Leu-TAA-1-1,Thermoplasma volcanium GSS1,UAA,UCCCGCAGGGGUUC,14,1,3,2,-(((****)))**-
Thermoplasma_volcanium_GSS1_tRNA-Leu-TAG-1-1,Thermoplasma volcanium GSS1,UAG,UCCCGCAGGGUUUC,14,1,2,3,-((*****))***-
