seq,length,stem_start_idx,stem_length,n_unpaired_bases,secondary_structure,free_energy,count
UGGGCUCUGCCCUC,14,1,4,3,.((((...))))..,-5.8,1
UGGGCUAUUGCCCGC,15,1,4,4,.((((....))))..,-8.0,1
UACUCCGUUAAGGGGUGC,18,1,5,5,.(((((.....)))))..,-6.0,2
UUCCCUGUAUUGGGAGC,17,1,4,6,.((((......))))..,-6.2,1
UGUCCGAAAGGACAC,15,1,4,4,.((((....))))..,-6.1,2
UGGGGGAAACCCCGC,15,1,4,4,.((((....))))..,-8.3,9
UGGGGGAAACCCUGC,15,1,4,4,.((((....))))..,-5.9,1
UAGGGGAAACCCUGC,15,1,4,4,.((((....))))..,-5.9,1
UACCCGCAAGGGUGC,15,1,4,4,.((((....))))..,-5.8,1
UGCUCCGCAAGGGGCGC,17,1,5,4,.(((((....)))))..,-8.5,1
UGCUCCACAAGGGGCGC,17,1,5,4,.(((((....)))))..,-7.7,1
UGGCCACAAGGCCUC,15,1,4,4,.((((....))))..,-7.1,1
UGGGCUGUUGCCCGC,15,1,4,4,.((((....))))..,-8.0,1
UCCCCUUUCUUGGGGGC,17,1,4,6,.((((......))))..,-8.1,1
UGCCCCGCGAGGGGCGC,17,1,5,4,.(((((....)))))..,-11.5,5
UGGGGGAGACCCCGC,15,1,4,4,.((((....))))..,-8.3,2
UGCCCCAGGAGGGGCGC,17,1,5,4,.(((((....)))))..,-10.7,1
UGCCCGAAAGGGCGC,15,1,4,4,.((((....))))..,-8.2,2
UGGGCGUUGCCCGC,14,1,4,3,.((((...))))..,-6.1,3
UGGGCGUUCGCCCGC,15,1,4,4,.((((....))))..,-7.4,6
UGCCCGUAAGGGCUC,15,1,4,4,.((((....))))..,-7.9,2
UGCCCGAAAGGGUUC,15,1,4,4,.((((....))))..,-5.8,1
UCCCCUCUGGGGUC,14,1,4,3,.((((...))))..,-5.2,1
UGCCCUUCGGGGCUC,15,1,4,4,.((((....))))..,-7.5,2
UGCCCGAAAGGGCAC,15,1,4,4,.((((....))))..,-8.2,1
UGGGCUCUGCCCGC,14,1,4,3,.((((...))))..,-6.1,4
UGUCCCUUUGGGACGC,16,1,5,3,.(((((...)))))..,-7.3,2
UGCCCGCAAGGGCGC,15,1,4,4,.((((....))))..,-8.2,2
UGGGCUUCGCCCGC,14,1,4,3,.((((...))))..,-6.1,1
UGCCCGCAAGGGCUC,15,1,4,4,.((((....))))..,-7.9,2
UGUCCAAUAAGGACGC,16,1,4,5,.((((.....))))..,-5.2,1
UGGGGUUAAUCCCCGC,16,1,4,5,.((((.....))))..,-7.3,1
UGUCCCGAAAGGGACAC,17,1,5,4,.(((((....)))))..,-9.4,1
UGUCCCAUGCGGGACGC,17,1,5,4,.(((((....)))))..,-8.6,1
UCCCCGCAAAGGGGGC,16,1,4,5,.((((.....))))..,-8.0,1
UCCCCGCAAGGGGGC,15,1,4,4,.((((....))))..,-8.1,15
UGGCCUUUCCGGGCCGC,17,1,5,4,.(((((....)))))..,-8.1,1
UGGCCUUUGGCCGC,14,1,4,3,.((((...))))..,-6.1,1
UGGCCCUAACCGGGCCGC,18,1,5,5,.(((((.....)))))..,-10.5,1
UGGCCACACAGGCCUC,16,1,4,5,.((((.....))))..,-7.0,1
UGGUCCUUGACCUC,14,1,4,3,.((((...))))..,-3.7,2
UGUCCGUAGGACCC,14,1,4,3,.((((...))))..,-3.3,1
UGGGAGUAUUCCCUC,15,1,4,4,.((((....))))..,-5.1,2
UGGGAUCAUCCCUC,14,1,4,3,.((((...))))..,-4.3,1
UGGCGACUCGCCAC,14,1,4,3,.((((...))))..,-5.2,1
UGUCCGCAAGGACUC,15,1,4,4,.((((....))))..,-5.8,3
UGGUGUCUCACCAC,14,1,4,3,.((((...))))..,-3.7,1
UGGCGUUCCGCCUC,14,1,4,3,.((((...))))..,-4.9,1
UGUCCCUAGUGACUC,15,1,3,6,.(((......)))..,-1.2,1
UGGGAACUUCCCUC,14,1,4,3,.((((...))))..,-4.3,1
UGGUGUCUCACCCC,14,1,4,3,.((((...))))..,-3.0,1
UGUCCUUCGGGACUC,15,1,4,4,.((((....))))..,-5.4,3
UGUCCGCAAGGACCC,15,1,4,4,.((((....))))..,-5.4,3
UGACCCGUAAGGGUCCC,17,1,5,4,.(((((....)))))..,-8.7,2
UUCGCCUUCGGGCGAUC,17,1,5,4,.(((((....)))))..,-8.1,1
UGACCCGUGAGGGUCCC,17,1,5,4,.(((((....)))))..,-8.7,1
UUCGCCCUCGGGCGAUC,17,1,5,4,.(((((....)))))..,-9.3,2
UACGCGCAAGCGUGC,15,1,4,4,.((((....))))..,-5.0,3
UGUCCGCAAGGACAC,15,1,4,4,.((((....))))..,-6.1,4
UUCUCGCAAGGGAAC,15,1,4,4,.((((....))))..,-3.2,5
UGUGCGCAAGCAUAC,15,1,4,4,.((((....))))..,-3.9,5
UACGUGCAAGCGUGC,15,1,4,4,.((((....))))..,-2.7,1
UACGUGAAAGCGUGC,15,1,4,4,.((((....))))..,-2.7,1
UGUUCGCAAGAACUC,15,1,4,4,.((((....))))..,-3.4,1
UGCGCGCAAGCGCUC,15,1,4,4,.((((....))))..,-7.1,1
UGUUCGCAAGAACAC,15,1,4,4,.((((....))))..,-3.7,1
UUCUCGCAAGGGAUC,15,1,4,4,.((((....))))..,-3.0,1
UGCGAGCAAUCGCAC,15,1,4,4,.((((....))))..,-5.3,1
UGCCCCUUCACGGGGCGC,18,1,5,5,.(((((.....)))))..,-10.5,2
UGGGGGAUUCCCCGC,15,1,4,4,.((((....))))..,-7.3,4
UGCCCCGAAAGGGGCGC,17,1,5,4,.(((((....)))))..,-11.5,2
UGGGCUCACGCCCGC,15,1,4,4,.((((....))))..,-7.3,2
UGGGCUCGCGCCCGC,15,1,4,4,.((((....))))..,-7.3,1
UGCCCCCUCCAGGGGCAC,18,1,5,5,.(((((.....)))))..,-10.1,1
UGCCCCGAAAGGGGCAC,17,1,5,4,.(((((....)))))..,-11.5,1
UGCUAGAAAUAGCUC,15,1,4,4,.((((....))))..,-3.6,1
UUCUCGAAAUGAGAGC,16,1,4,5,.((((.....))))..,-3.2,1
UGCACGUAAGUGCCC,15,1,4,4,.((((....))))..,-5.2,1
UUCCCUUGUGGAUC,14,1,3,5,.(((.....)))..,-1.1,3
UGCCCGUCAAGGGCUC,16,1,4,5,.((((.....))))..,-7.8,1
UGCUCCUUGCGGGGCGC,17,1,5,4,.(((((....)))))..,-7.6,1
UUCCCCAUACGGGGAGC,17,1,5,4,.(((((....)))))..,-8.7,2
UGCCCGAUGAGGGCAC,16,1,4,5,.((((.....))))..,-8.1,1
UGGGCUAUGCCCGC,14,1,4,3,.((((...))))..,-6.1,1
UGCCCGCUUCGGGCUC,16,1,5,3,.(((((...)))))..,-8.2,1
UGUCCUCACGGACUC,15,1,4,4,.((((....))))..,-4.9,13
UGGCGUACAGCCUC,14,1,3,5,.(((.....)))..,-4.5,5
UUCCCAUUUGGGAUU,15,1,4,4,.((((....))))..,-5.2,1
UAUCCUCACGGAUUC,15,1,4,4,.((((....))))..,-2.6,4
UGGCGUUCAGCCUC,14,1,3,5,.(((.....)))..,-4.5,1
UUCCCGUAUGGGAUU,15,1,4,4,.((((....))))..,-5.2,1
UGUCCGAGAGGACUC,15,1,4,4,.((((....))))..,-5.8,2
UGUCCAUUCGGACAC,15,1,4,4,.((((....))))..,-5.3,5
UGGCACCACGCCUC,14,1,3,5,.(((.....)))..,-3.7,1
UUCCCUUUGGGAUC,14,1,4,3,.((((...))))..,-3.9,1
UGGCCUUUGGCCUC,14,1,4,3,.((((...))))..,-5.8,1
UGUCCACACGGACUC,15,1,4,4,.((((....))))..,-5.0,3
UGGCGUAAGCCUC,13,1,3,4,.(((....)))..,-4.6,3
UCCCCUUACGGGGUU,15,1,4,4,.((((....))))..,-6.4,3
UGGCGUCACGCCUC,14,1,4,3,.((((...))))..,-4.9,2
UUCCCUUUCGGGAUU,15,1,4,4,.((((....))))..,-5.1,8
UGGCGUCACUGCCUC,15,1,3,6,.(((......)))..,-4.0,1
UUCCCUUCUGGGAUC,15,1,4,4,.((((....))))..,-5.8,1
UAGCCUCACGGCUUC,15,1,4,4,.((((....))))..,-4.6,1
UGUCCCCACGGACAC,15,1,4,4,.((((....))))..,-4.9,1
UGGCGUCAAGCCUC,14,1,3,5,.(((.....)))..,-4.5,9
UUCCCUUUGGGAUU,14,1,4,3,.((((...))))..,-3.9,7
UGGCGUCAGCCUC,13,1,3,4,.(((....)))..,-4.6,3
UGGCGUCAAGCCCC,14,1,3,5,.(((.....)))..,-4.1,3
UUCCCUCUGGGAUC,14,1,4,3,.((((...))))..,-3.9,5
UGGCCGAGAGGCCUC,15,1,4,4,.((((....))))..,-7.9,2
UUUCCUCACGGAAUC,15,1,4,4,.((((....))))..,-2.7,3
UGUCCGUUCAGGACAC,16,1,4,5,.((((.....))))..,-6.0,1
UGGCGCAAGCCUC,13,1,3,4,.(((....)))..,-4.6,8
UGUCCUCACGGACAC,15,1,4,4,.((((....))))..,-5.2,2
UGGCGUAAAGCCUC,14,1,3,5,.(((.....)))..,-4.5,2
UGGCUUCUAGCCUC,14,1,4,3,.((((...))))..,-4.1,1
UCUCCUCACGGACUC,15,2,3,4,..(((....)))...,-1.7,1
UGUCCGCUCGGACAC,15,1,4,4,.((((....))))..,-5.3,1
UGGCGUAAUGCCUC,14,1,3,5,.(((.....)))..,-3.7,2
UGGCCAUAUGGCCUC,15,1,4,4,.((((....))))..,-7.1,2
UGUCCGUUCGGACAC,15,1,4,4,.((((....))))..,-5.3,1
UGGCUGUAUAGCCUC,15,1,4,4,.((((....))))..,-4.7,1
UGCCCCGUAAGGGGCGC,17,1,5,4,.(((((....)))))..,-11.5,1
UGGGGGUCCACCCCGC,16,1,4,5,.((((.....))))..,-8.2,1
UGGCCGACAAGGCCGC,16,1,4,5,.((((.....))))..,-8.1,2
UGGCGGUUAUACCGCCGC,18,1,6,3,.((((((...))))))..,-10.2,1
UGGGGGAACACCCCGC,16,1,4,5,.((((.....))))..,-8.2,1
UGGGGGUAAUCCCCAC,16,2,4,4,..((((....))))..,-7.3,2
UGCCCCAAUCAGGGGCGC,18,1,5,5,.(((((.....)))))..,-10.6,1
UCCCCCUGAUGGGGGGC,17,1,5,4,.(((((....)))))..,-11.2,1
UGGCCUCCGGGCCUC,15,1,4,4,.((((....))))..,-8.5,1
UGGCCCACUGGGCCGC,16,1,5,3,.(((((...)))))..,-9.4,2
UGGCCCUCCGGGCCGC,16,1,5,3,.(((((...)))))..,-9.4,1
UGGUGUUCGGCACCUC,16,1,5,3,.(((((...)))))..,-5.4,1
UGUCCCCCUGGGACUC,16,1,5,3,.(((((...)))))..,-7.0,4
UGGGGCGUUGAGCCCCUC,18,1,5,5,.(((((.....)))))..,-11.1,2
UGGUGCCUGGCACCUC,16,1,5,3,.(((((...)))))..,-6.8,3
UCCCUUUGGGAUC,13,1,3,3,.(((...)))...,-2.7,5
UGAUGCCCUGCAUCGC,16,1,5,3,.(((((...)))))..,-5.1,4
UGGGGCUUAGCCCCUC,16,1,5,3,.(((((...)))))..,-9.1,16
UAGCGCCACGCGCUAC,16,1,5,3,.(((((...)))))..,-6.2,4
UUACGCUCUGCGUAAC,16,1,5,3,.(((((...)))))..,-4.4,4
UGAGGCUUUGCCUCCC,16,1,5,3,.(((((...)))))..,-6.6,2
UUCUCCACUGGGGAGC,16,1,5,3,.(((((...)))))..,-4.4,6
UGCCUCUAAGAGGUAC,16,1,5,3,.(((((...)))))..,-5.2,1
UGGGGGUCAACCCUGC,16,1,4,5,.((((.....))))..,-5.8,1
UAGGGUCAUUCCCUGC,16,1,4,5,.((((.....))))..,-4.9,1
UGUCUCUCCGAGACAC,16,1,5,3,.(((((...)))))..,-5.2,2
UAGGGGCAACCCUAC,15,1,4,4,.((((....))))..,-5.9,2
UAGGGAACUCCCUGC,15,1,4,4,.((((....))))..,-4.9,2
UUGGGCUUUGCCCAAC,16,1,5,3,.(((((...)))))..,-7.2,2
UGGGGCUUUGCUCCGC,16,1,5,3,.(((((...)))))..,-6.4,1
UGGAGCUUUGCUCCGC,16,1,5,3,.(((((...)))))..,-7.3,4
UGCUCGAAAGAGCUC,15,1,4,4,.((((....))))..,-5.8,1
UGAGGUGCAAAUCUCUC,17,1,5,4,.(((((....)))))..,-4.5,1
UGAGGCGCAAGUCUCGC,17,1,5,4,.(((((....)))))..,-6.7,1
UUCUUCUUUGGGAGAGC,17,1,5,4,.(((((....)))))..,-4.1,9
UGAUGCUCUGCGUCCC,16,1,5,3,.(((((...)))))..,-4.0,2
UGGGGCCUAGCCCCUC,16,1,5,3,.(((((...)))))..,-9.1,7
UAGCGCUUUGCGCUAC,16,1,5,3,.(((((...)))))..,-6.2,4
UGAUGCUCUGCAUCCC,16,1,5,3,.(((((...)))))..,-4.4,2
UAGCGCCUUGCGCUAC,16,1,5,3,.(((((...)))))..,-6.2,2
UAGCGCCUCGCGCUAC,16,1,5,3,.(((((...)))))..,-6.2,1
UGAUGCUUUGCGUCCC,16,1,5,3,.(((((...)))))..,-4.0,1
UGGCGCUUCGCGCCUC,16,1,5,3,.(((((...)))))..,-8.3,2
UGUCCCAAAAGGACUC,16,1,4,5,.((((.....))))..,-4.4,1
UGGUGCGAAAGUGCCUC,17,1,5,4,.(((((....)))))..,-5.9,2
UGGUGCCCUGCACCUC,16,1,5,3,.(((((...)))))..,-6.8,2
UGGUGCUCGGCACCUC,16,1,5,3,.(((((...)))))..,-6.8,1
UUCUCCUAACGGAGUGC,17,2,4,4,..((((....))))...,-4.3,2
UGGUGCCCGGCACCUC,16,1,5,3,.(((((...)))))..,-6.8,1
UGGGGCUUGACCCCUC,16,1,4,5,.((((.....))))..,-6.5,2
UAGUGCUAACGCGCUGC,17,1,5,4,.(((((....)))))..,-5.5,2
UGUCCCUUCCAGGGACAC,18,1,6,3,.((((((...))))))..,-8.9,1
UUCCGCUCCGCGGAUC,16,1,5,3,.(((((...)))))..,-6.4,1
UGACUCGCAAGGGUCUC,17,1,5,4,.(((((....)))))..,-6.1,1
UGGUGCAUCGCACCUC,16,1,5,3,.(((((...)))))..,-6.8,1
UGCCCGAAAGGGCUC,15,1,4,4,.((((....))))..,-7.9,1
UGGGGGGAAACUCCCGC,17,1,5,4,.(((((....)))))..,-8.6,2
UCUCCCGAAAGGGGGAC,17,1,5,4,.(((((....)))))..,-8.4,1
UGUCCCUUUUGGGACUC,17,1,5,4,.(((((....)))))..,-8.9,1
UGGCGCUCUGCGCCUC,16,1,5,3,.(((((...)))))..,-8.3,2
UGGGGCGUUAGCCCCUC,17,1,5,4,.(((((....)))))..,-11.2,1
UGGUGCUGACGCACCUC,17,1,5,4,.(((((....)))))..,-8.0,1
UUGGGCAACGCCCAGC,16,1,5,3,.(((((...)))))..,-5.8,4
UGGGGCUUUGCCCCGC,16,1,5,3,.(((((...)))))..,-9.4,11
UGGGGCUAUGCCCCGC,16,1,5,3,.(((((...)))))..,-9.4,1
UUGAGCAAUGCUCAUC,16,1,5,3,.(((((...)))))..,-4.9,1
UGAUCCGUUAAGGAUCGC,18,1,5,5,.(((((.....)))))..,-7.3,1
UGGGGCAUUACGCCCCUC,18,1,5,5,.(((((.....)))))..,-10.3,1
UGGGGCAUACGCCCCUC,17,1,5,4,.(((((....)))))..,-10.4,1
UGAGCAGUGCUCACC,15,1,4,3,.((((...))))...,-4.0,2
UGAUCCUUUGGAUCUC,16,1,5,3,.(((((...)))))..,-5.0,5
UGGAGCAUGGCUCCUC,16,1,5,3,.(((((...)))))..,-7.0,3
UGUCCCGAAAGGACUC,16,1,4,5,.((((.....))))..,-4.4,1
UGUCCCUUCUGGGACGC,17,1,5,4,.(((((....)))))..,-9.2,1
UGUCCCUUCGGGACUC,16,1,5,3,.(((((...)))))..,-7.0,1
UGAUUCGCAAGGGUCGC,17,1,5,4,.(((((....)))))..,-4.0,1
UGGCGCUCACGCGCCUC,17,1,5,4,.(((((....)))))..,-9.5,1
UUCCCCUGACGGGGUGC,17,2,4,4,..((((....))))...,-6.4,1
UGGUGCUACGCACCUC,16,1,5,3,.(((((...)))))..,-6.8,1
UGGGGCUUCAGCCCCUC,17,1,5,4,.(((((....)))))..,-9.9,2
UAGUGCUCACGCGCUGC,17,1,5,4,.(((((....)))))..,-5.5,2
UUCUCCUUGGGGGAUC,16,1,5,3,.(((((...)))))..,-4.2,1
UGAUGCCCUGCAUCCC,16,1,5,3,.(((((...)))))..,-4.4,1
UAGCGCUACGCGCUAC,16,1,5,3,.(((((...)))))..,-6.2,7
UGGUGGUAACACCUC,15,1,4,4,.((((....))))..,-5.7,2
UGUCCCUUGGGACUC,15,1,4,4,.((((....))))..,-4.5,2
UGGGAGCAAUCCCUC,15,1,4,4,.((((....))))..,-5.8,1
UUGGGCUCUGCCCAGC,16,1,5,3,.(((((...)))))..,-7.2,1
UGGGGCUCUGCCCCGC,16,1,5,3,.(((((...)))))..,-9.4,2
UUGGGCAUAGCCCUAC,16,2,4,3,..((((...))))...,-5.8,1
UGGGGCCUUGCCCCGC,16,1,5,3,.(((((...)))))..,-9.4,1
UGGCCCGUAUGGGCCGC,17,1,5,4,.(((((....)))))..,-10.7,3
UGGUGGCGACACCUC,15,1,4,4,.((((....))))..,-5.7,1
UGAGGCGAAAGUCUCUC,17,1,5,4,.(((((....)))))..,-6.4,1
UGGUAGUAAUACCUC,15,1,4,4,.((((....))))..,-3.6,1
UUGAACGUACGUUCGUC,17,2,4,4,..((((....))))...,-2.9,1
UGAUCCCUUGGAUCAC,16,1,5,3,.(((((...)))))..,-5.3,1
UGGAGUUCGUCUCCGC,16,1,4,5,.((((.....))))..,-5.2,1
UGGAGUUUGACUCCAC,16,1,5,3,.(((((...)))))..,-5.6,1
UGAUGCCCCGCAUCCC,16,1,5,3,.(((((...)))))..,-4.4,1
UAGUGCUCACGCGCUAC,17,1,5,4,.(((((....)))))..,-5.5,3
UUCCCCUAACGGGGUGC,17,2,4,4,..((((....))))...,-6.4,1
UGGUGCUCGCCACCUC,16,1,4,5,.((((.....))))..,-3.8,1
UGGUGCUCUGCGCCCC,16,1,5,3,.(((((...)))))..,-6.0,1
UGGAGCUUUGCUCCUC,16,1,5,3,.(((((...)))))..,-7.0,6
UGGAGCCAUGCUCCGC,16,1,5,3,.(((((...)))))..,-7.3,2
UGGAGAUUCUCUCCGC,16,1,5,3,.(((((...)))))..,-5.8,3
UUACUCUCUGAGUAAC,16,1,5,3,.(((((...)))))..,-3.1,2
UGAGGCUUUGCCUCGC,16,1,5,3,.(((((...)))))..,-7.3,5
UCCCCUUGGGAUC,13,1,3,3,.(((...)))...,-2.7,7
UGAUGCUCCGCAUCCC,16,1,5,3,.(((((...)))))..,-4.4,7
UGGUGCUUUGCGCCUC,16,1,5,3,.(((((...)))))..,-6.4,1
UGGGGCCUGUCCCCUC,16,1,4,5,.((((.....))))..,-5.9,1
UGGGGCUUUGCCCCUC,16,1,5,3,.(((((...)))))..,-9.1,3
UGCUCUUCGGAGCUC,15,1,4,4,.((((....))))..,-5.4,1
UGAGGCUCACGCCUCGC,17,1,5,4,.(((((....)))))..,-8.5,1
UGGUGCUUGGCACCUC,16,1,5,3,.(((((...)))))..,-6.8,2
UGGGGCGUUUGCCCCUC,17,1,5,4,.(((((....)))))..,-10.4,1
UGGUGUCCGCACCUC,15,1,4,4,.((((....))))..,-4.3,2
UGUCCUUCUCGGACUC,16,1,4,5,.((((.....))))..,-4.8,1
UGGGGAAUCUUCCCCUC,17,1,5,4,.(((((....)))))..,-8.4,1
UUCUCUGAAAAGAGUGC,17,2,4,4,..((((....))))...,-3.2,1
UGGUGCCCUGCACCGC,16,1,5,3,.(((((...)))))..,-7.1,1
UGGGGCAUCCGCCCCUC,17,1,5,4,.(((((....)))))..,-10.4,1
UGAUCAAUAGAUCGC,15,1,4,4,.((((....))))..,-3.3,1
UGCGAUAAAACGCUC,15,1,3,6,.(((......)))..,-2.7,1
UGAGGGAAACCUCUC,15,1,4,4,.((((....))))..,-5.9,1
UGGGUACCCCCCGC,14,1,3,5,.(((.....)))..,-3.4,1
UUGAGCAUUGCUCAUC,16,1,5,3,.(((((...)))))..,-4.9,1
UGAUCCUUUGGAUCAC,16,1,5,3,.(((((...)))))..,-5.3,1
UGAUCGUUAGAUCUC,15,1,4,4,.((((....))))..,-3.8,1
UGGAGCCUCGCUCCAC,16,1,5,3,.(((((...)))))..,-7.3,1
UGAUCUUAUGAUCAC,15,1,4,4,.((((....))))..,-3.9,1
UGAUACACUAGUAUCGC,17,1,5,4,.(((((....)))))..,-4.4,1
UGGGAGCUUUUCCCUC,16,1,4,5,.((((.....))))..,-5.0,1
UGGAGUUUCUCCGC,14,1,4,3,.((((...))))..,-3.9,2
UUAUCCCUUGGAUAAC,16,1,5,3,.(((((...)))))..,-3.2,1
UGGAGGUUCUCUCCGC,16,1,4,5,.((((.....))))..,-5.1,1
UGGAGCUUUCUCCGC,15,1,4,4,.((((....))))..,-4.2,1
UUCCUCUUUGGGGGAGC,17,1,5,4,.(((((....)))))..,-6.1,1
UGAUGUUCUGCAUCCC,16,1,5,3,.(((((...)))))..,-3.0,2
UGAGCAGCGCUCACC,15,1,4,3,.((((...))))...,-4.0,1
UGAUCCUUAGGAUCUC,16,1,5,3,.(((((...)))))..,-5.0,1
UGGUGUUCGCACCCC,15,1,4,4,.((((....))))..,-3.9,1
UGGGGUCUUGCCCCUC,16,1,5,3,.(((((...)))))..,-7.7,1
UGGUGUUUCACCUC,14,1,4,3,.((((...))))..,-3.4,1
UGAUGCUUUGCAUCUC,16,1,5,3,.(((((...)))))..,-4.8,3
UAGUGCCUCGCACUGC,16,1,5,3,.(((((...)))))..,-4.7,1
UGAUGCCUCGCAUCCC,16,1,5,3,.(((((...)))))..,-4.4,2
UGGACAGAUGUCCAC,15,1,4,4,.((((....))))..,-5.3,1
UGGAGUGAUCUCCUC,15,1,4,4,.((((....))))..,-5.0,1
UGGAGUUAUCUCCUC,15,1,4,4,.((((....))))..,-5.0,1
UGUCCCCUUGGGACUC,16,1,5,3,.(((((...)))))..,-7.0,1
UGGGGCCUCGGCCCCUC,17,1,5,4,.(((((....)))))..,-12.0,1
UGUCCCUUCCAGGGACGC,18,1,6,3,.((((((...))))))..,-8.9,1
UUCCCCUUCGGGGAUC,16,1,5,3,.(((((...)))))..,-7.2,1
UGACUCGAAAGAGUCUC,17,1,5,4,.(((((....)))))..,-7.0,1
UGGUGCAUCGCACCGC,16,1,5,3,.(((((...)))))..,-7.1,1
UUCUCCCUCGGGAGAGC,17,1,5,4,.(((((....)))))..,-8.2,2
UAGCGCUUCGCGCUGC,16,1,5,3,.(((((...)))))..,-6.2,2
UUGAGCUCUGCUCAAC,16,1,5,3,.(((((...)))))..,-5.1,1
UGAGGCUUUGCCUCUC,16,1,5,3,.(((((...)))))..,-7.0,1
UUGGGCAUAGCCCAAC,16,1,5,3,.(((((...)))))..,-7.2,1
UUCCCCUUCUGGGGUGC,17,2,4,4,..((((....))))...,-7.1,1
UGGUGCUCUGCACCUC,16,1,5,3,.(((((...)))))..,-6.8,1
UGGUGCAACGCACUAC,16,1,5,3,.(((((...)))))..,-3.3,1
UCCCCGCCAAGGGGGC,16,1,4,5,.((((.....))))..,-8.0,1
UCCCCGUAUGGGGGC,15,1,4,4,.((((....))))..,-7.3,1
UCCCCGAUAAGGGGGC,16,1,4,5,.((((.....))))..,-8.0,2
UGGCUGUCAAGCCUC,15,1,4,4,.((((....))))..,-5.9,5
UGUCCAUCAGGACAC,15,1,4,4,.((((....))))..,-5.3,1
UUCCCUCAGGGAUC,14,1,4,3,.((((...))))..,-3.9,1
UUCCCUUCCGGGAUU,15,1,4,4,.((((....))))..,-5.1,1
UGGGCGUGGUCCCUC,15,1,3,6,.(((......)))..,-2.9,5
UGGGCGUCUAGCCCGC,16,1,4,5,.((((.....))))..,-8.1,1
UGGGCGUUUGCCCGC,15,1,4,4,.((((....))))..,-7.4,19
UGCUCUCUGUAGCUC,15,1,3,6,.(((......)))..,-1.3,1
UUCUCGUAAUGAGAGC,16,1,4,5,.((((.....))))..,-3.2,1
UGCUGAAAUAGCUC,14,1,4,3,.((((...))))..,-1.8,1
UUCCCAUAGUGGAUC,15,1,3,6,.(((......)))..,-1.4,1
UGAGCAUUGCUCUC,14,1,4,3,.((((...))))..,-3.7,1
UGCACAUCUGUGCGC,15,1,4,4,.((((....))))..,-5.1,1
UGGGCGUUCGCCCAC,15,1,4,4,.((((....))))..,-7.4,5
UGGGCGUGGUCCCGC,15,1,3,6,.(((......)))..,-3.2,5
UCCCCGUCCAGGGGGC,16,1,4,5,.((((.....))))..,-8.0,4
UCCCCAUACGGGGGC,15,1,4,4,.((((....))))..,-7.3,2
UCCCCGUCUAGGGGGC,16,1,4,5,.((((.....))))..,-8.0,5
UGGGCGUGGUCCCAC,15,1,3,6,.(((......)))..,-3.2,1
UGGGCGUUUGCCCAC,15,1,4,4,.((((....))))..,-7.4,5
UCCCCGCACAGGGGGC,16,1,4,5,.((((.....))))..,-8.0,1
UCCCCGUUCGGGGGC,15,1,4,4,.((((....))))..,-7.3,5
UCCCCGUCAAGGGGGC,16,1,4,5,.((((.....))))..,-8.0,3
UCCCCGCGAGGGGGC,15,1,4,4,.((((....))))..,-8.1,5
UCCCCGUUCAGGGGGC,16,1,4,5,.((((.....))))..,-8.0,6
UGCCCCGUGCAGGGGCGC,18,1,5,5,.(((((.....)))))..,-11.4,1
UGGGGGCAACCCCGC,15,1,4,4,.((((....))))..,-8.3,1
UGGGGGGCUACCCCCGC,17,1,5,4,.(((((....)))))..,-11.6,1
UGGGGGCUACCCCCGC,16,1,5,3,.(((((...)))))..,-9.3,1
UGGGCAUGGUCCCGC,15,1,3,6,.(((......)))..,-3.2,1
UCCCCGUACAGGGGUC,16,1,4,5,.((((.....))))..,-7.2,1
UGGGCGUUGCCCAC,14,1,4,3,.((((...))))..,-6.1,1
UGGGCGUUGCCCUC,14,1,4,3,.((((...))))..,-5.8,1
UGCCUCUCUGAGGCAC,16,1,5,3,.(((((...)))))..,-7.3,21
UGGGGAUUCUCCCCAC,16,1,5,3,.(((((...)))))..,-7.9,16
UGGGGGUUUCCCCGC,15,1,4,4,.((((....))))..,-7.3,22
UAGGCGUAAAGCCUGC,16,1,4,5,.((((.....))))..,-5.7,16
UUCCCUUACGGGAUU,15,1,4,4,.((((....))))..,-5.1,1
UGCCCCGCGGAGGGGCGC,18,1,5,5,.(((((.....)))))..,-11.4,2
UGGGGUGGUUCCCCGC,16,1,4,5,.((((.....))))..,-7.3,2
UGCCCCAUAUGGGGCGC,17,1,5,4,.(((((....)))))..,-10.7,1
UGGGCCAUGGGGCCCGC,17,1,5,4,.(((((....)))))..,-10.6,1
UGCCCCAUACGGGGCGC,17,1,5,4,.(((((....)))))..,-10.7,1
UGGGCCAAGGGGCCCGC,17,1,5,4,.(((((....)))))..,-10.6,1
UGGGGAUCCUCCCCAC,16,1,5,3,.(((((...)))))..,-7.9,5
UAGGUGUCUAGCCUGC,16,1,4,5,.((((.....))))..,-3.4,5
UGCCUCUCCGAGGCAC,16,1,5,3,.(((((...)))))..,-7.3,4
UGGGGUCCCACCCCGC,16,1,5,3,.(((((...)))))..,-7.7,4
UGUGGAUCUUCCACGC,16,1,5,3,.(((((...)))))..,-5.6,3
UAGGGUUAUCCCUGC,15,1,4,4,.((((....))))..,-5.0,4
UGUGGGUCUUCCACGC,16,1,4,5,.((((.....))))..,-4.9,1
UGCCCCUAUGGGGCAC,16,1,5,3,.(((((...)))))..,-9.4,1
UGGGGUCCGUCCCCGC,16,1,4,5,.((((.....))))..,-7.3,1
UGGGGAUCUCCCCGC,15,1,4,4,.((((....))))..,-7.3,1
UGUGCAUUCGCACUC,15,1,4,4,.((((....))))..,-4.8,1
UACUCGCAAGGGUUC,15,1,4,4,.((((....))))..,-2.5,1
UGUGCGCAAGCAUCC,15,1,4,4,.((((....))))..,-3.6,1
UGCUCUCGUAGCUC,14,1,3,5,.(((.....)))..,-1.0,2
UUCUCUUAUGAGAGC,15,1,4,4,.((((....))))..,-3.9,1
UGCUCGUAUAGAGCUC,16,1,4,5,.((((.....))))..,-5.7,1
UGCCCCCUCUGGGGCAC,17,1,5,4,.(((((....)))))..,-10.0,1
UGCCCCUUCCGGGGCGC,17,1,5,4,.(((((....)))))..,-10.6,1
UGGGCACAAGCCCGC,15,1,4,4,.((((....))))..,-7.4,1
UGCUCUAUGAGCUC,14,1,4,3,.((((...))))..,-3.7,1
CGGCGAUUCGCCUC,14,1,4,3,.((((...))))..,-5.1,1
UGGGCGUUAAGCCCUC,16,1,4,5,.((((.....))))..,-7.8,2
UACCCCAAAAGGGUGC,16,1,4,5,.((((.....))))..,-4.4,6
UGGCGAUUUCGCCUC,15,1,4,4,.((((....))))..,-6.2,2
UGCCCCAUACGGGGCAC,17,1,5,4,.(((((....)))))..,-10.7,1
UGCCCCAUACGGGGUGC,17,1,5,4,.(((((....)))))..,-8.6,1
UGGGCUUACGCCCGC,15,1,4,4,.((((....))))..,-7.3,1
UGGGCGUCCGCCCAC,15,1,4,4,.((((....))))..,-7.4,4
UGGGCGGUGCCCAC,14,1,4,3,.((((...))))..,-6.1,5
UGGGCGUCCGCCCGC,15,1,4,4,.((((....))))..,-7.4,1
UGGGCGUUAGCCCGC,15,1,4,4,.((((....))))..,-8.2,3
UGGCCGUAUGGCCAC,15,1,4,4,.((((....))))..,-7.4,1
UGGGCGUUAAGCCCGC,16,1,4,5,.((((.....))))..,-8.1,2
UGGGCGCAUGCCCGC,15,1,4,4,.((((....))))..,-7.4,1
UGGGCGUCAAGCCCAC,16,1,4,5,.((((.....))))..,-8.1,1
UGGGCGCUGCCCAC,14,1,4,3,.((((...))))..,-6.1,2
UGGGCGUCAGCCCGC,15,1,4,4,.((((....))))..,-8.2,1
UGUCCGUAUGGACAC,15,1,4,4,.((((....))))..,-5.3,2
UGCCCGUUAAGGGUGC,16,1,4,5,.((((.....))))..,-6.0,1
UACCCGUUGAGGGUGC,16,1,4,5,.((((.....))))..,-5.7,1
UACCCGUUAAGGGUGC,16,1,4,5,.((((.....))))..,-5.7,2
UGGGCUUUGUCCCGC,15,1,3,6,.(((......)))..,-3.2,1
UGGGCUCUGCCCAC,14,1,4,3,.((((...))))..,-6.1,2
UGGCCGUUGGCCAC,14,1,4,3,.((((...))))..,-6.1,1
UGUCCGCUUGGACAC,15,1,4,4,.((((....))))..,-5.3,1
UGCGCUCUGCGCAC,14,1,4,3,.((((...))))..,-5.3,1
UUCUCGUAUGAGAGC,15,1,4,4,.((((....))))..,-3.3,1
UGCUCAUUAGAGCUC,15,1,4,4,.((((....))))..,-5.0,1
